size,price,date
W285,126000,2026-01-20
W265,129000,2026-01-20
W250,133000,2026-01-20
W275,122000,2026-01-20
W270,123000,2026-01-20
W270,121000,2026-01-20
W270,124000,2026-01-20
W285,125000,2026-01-20
W280,139000,2026-01-20
W255,130000,2026-01-21
W270,126000,2026-01-21
W275,123000,2026-01-21
W265,123000,2026-01-21
W235,123000,2026-01-21
W270,126000,2026-01-21
W275,123000,2026-01-21
W230,135000,2026-01-21
W245,128000,2026-01-21
W265,131000,2026-01-21
W270,127000,2026-01-21
W275,123000,2026-01-21
W270,125000,2026-01-21
W265,121000,2026-01-21
W250,129000,2026-01-21
W270,125000,2026-01-21
W280,134000,2026-01-21
W270,125000,2026-01-21
W275,122000,2026-01-21
W280,135000,2026-01-21
W240,128000,2026-01-21
W270,118000,2026-01-21
W270,125000,2026-01-21
W270,134000,2026-01-21
W290,178000,2026-01-21
W265,131000,2026-01-21
W275,122000,2026-01-21
W245,129000,2026-01-21
W240,126000,2026-01-21
W265,130000,2026-01-21
W260,129000,2026-01-21
W240,128000,2026-01-21
W270,127000,2026-01-21
W265,132000,2026-01-21
W290,171000,2026-01-21
W230,136000,2026-01-21
W275,122000,2026-01-21
W250,134000,2026-01-21
W275,123000,2026-01-21
W270,127000,2026-01-21
W275,132000,2026-01-21
W275,123000,2026-01-21
W235,124000,2026-01-21
W240,127000,2026-01-21
W265,131000,2026-01-21
W265,130000,2026-01-21
W260,127000,2026-01-21
W270,124000,2026-01-21
W285,126000,2026-01-21
W255,137000,2026-01-21
W275,122000,2026-01-21
W255,137000,2026-01-21
W235,124000,2026-01-21
W240,127000,2026-01-21
W235,124000,2026-01-21
W235,123000,2026-01-21
W240,127000,2026-01-21
W285,125000,2026-01-21
W270,120000,2026-01-21
W265,121000,2026-01-21
W270,120000,2026-01-21
W275,122000,2026-01-21
W225,123000,2026-01-21
W250,129000,2026-01-21
W280,133000,2026-01-21
W275,127000,2026-01-21
W260,129000,2026-01-21
W290,171000,2026-01-21
W275,119000,2026-01-21
W260,130000,2026-01-21
W270,124000,2026-01-21
W270,124000,2026-01-21
W275,121000,2026-01-21
W280,134000,2026-01-21
W260,130000,2026-01-21
W265,130000,2026-01-21
W265,130000,2026-01-21
W250,134000,2026-01-21
W275,123000,2026-01-21
W240,127000,2026-01-21
W275,121000,2026-01-21
W265,122000,2026-01-21
W275,121000,2026-01-21
W255,137000,2026-01-21
W275,121000,2026-01-21
W285,125000,2026-01-21
W250,133000,2026-01-21
W235,123000,2026-01-21
W270,123000,2026-01-21
W280,134000,2026-01-21
W270,124000,2026-01-22
W260,123000,2026-01-22
W265,127000,2026-01-22
W260,130000,2026-01-22
W290,179000,2026-01-22
W240,130000,2026-01-22
W235,123000,2026-01-22
W280,139000,2026-01-22
W260,129000,2026-01-22
W255,136000,2026-01-22
W275,124000,2026-01-22
W275,124000,2026-01-22
W250,133000,2026-01-22
W280,138000,2026-01-22
W270,126000,2026-01-22
W280,130000,2026-01-22
W250,132000,2026-01-22
W240,130000,2026-01-22
W270,126000,2026-01-22
W260,129000,2026-01-22
W285,126000,2026-01-22
W275,124000,2026-01-22
W270,127000,2026-01-22
W235,125000,2026-01-22
W235,124000,2026-01-22
W265,127000,2026-01-22
W235,124000,2026-01-22
W250,134000,2026-01-22
W265,131000,2026-01-22
W280,138000,2026-01-22
W265,127000,2026-01-22
W255,128000,2026-01-22
W275,124000,2026-01-22
W270,127000,2026-01-22
W230,135000,2026-01-22
W280,138000,2026-01-22
W250,133000,2026-01-22
W275,121000,2026-01-22
W265,129000,2026-01-22
W265,130000,2026-01-22
W255,136000,2026-01-22
W285,124000,2026-01-22
W280,138000,2026-01-22
W280,138000,2026-01-22
W270,127000,2026-01-22
W270,127000,2026-01-22
W240,128000,2026-01-22
W275,121000,2026-01-22
W265,130000,2026-01-22
W245,128000,2026-01-22
W265,130000,2026-01-22
W260,131000,2026-01-22
W260,130000,2026-01-22
W275,123000,2026-01-22
W260,129000,2026-01-22
W275,123000,2026-01-22
W260,129000,2026-01-22
W240,127000,2026-01-22
W280,136000,2026-01-22
W240,129000,2026-01-22
W265,130000,2026-01-22
W275,123000,2026-01-22
W265,130000,2026-01-22
W280,131000,2026-01-22
W270,127000,2026-01-22
W285,125000,2026-01-22
W265,130000,2026-01-22
W275,121000,2026-01-22
W270,120000,2026-01-22
W285,124000,2026-01-22
W265,126000,2026-01-22
W280,132000,2026-01-22
W275,123000,2026-01-22
W270,126000,2026-01-22
W240,129000,2026-01-22
W240,129000,2026-01-22
W285,124000,2026-01-22
W275,123000,2026-01-22
W265,125000,2026-01-22
W240,129000,2026-01-22
W285,125000,2026-01-22
W260,129000,2026-01-22
W250,131000,2026-01-22
W270,127000,2026-01-23
W235,123000,2026-01-23
W275,122000,2026-01-23
W280,136000,2026-01-23
W240,133000,2026-01-23
W265,130000,2026-01-23
W235,123000,2026-01-23
W270,125000,2026-01-23
W275,123000,2026-01-23
W280,138000,2026-01-23
W270,124000,2026-01-23
W245,124000,2026-01-23
W250,133000,2026-01-23
W250,126000,2026-01-23
W250,125000,2026-01-23
W245,128000,2026-01-23
W245,127000,2026-01-23
W245,127000,2026-01-23
W245,125000,2026-01-23
W240,133000,2026-01-23
W270,127000,2026-01-23
W270,124000,2026-01-23
W265,127000,2026-01-23
W230,137000,2026-01-23
W235,124000,2026-01-23
W240,132000,2026-01-23
W285,127000,2026-01-23
W235,125000,2026-01-23
W235,124000,2026-01-23
W270,129000,2026-01-23
W270,127000,2026-01-23
W230,125000,2026-01-23
W260,125000,2026-01-23
W260,130000,2026-01-23
W260,130000,2026-01-23
W270,128000,2026-01-23
W220,123000,2026-01-23
W270,129000,2026-01-23
W225,124000,2026-01-23
W245,127000,2026-01-23
W265,128000,2026-01-23
W240,132000,2026-01-23
W275,123000,2026-01-23
W265,130000,2026-01-23
W240,132000,2026-01-23
W275,123000,2026-01-23
W270,128000,2026-01-23
W265,132000,2026-01-23
W240,131000,2026-01-23
W240,129000,2026-01-23
W285,125000,2026-01-23
W265,129000,2026-01-23
W265,128000,2026-01-23
W275,123000,2026-01-23
W270,128000,2026-01-23
W255,128000,2026-01-23
W280,138000,2026-01-23
W235,124000,2026-01-23
W255,135000,2026-01-23
W240,132000,2026-01-23
W240,122000,2026-01-23
W260,130000,2026-01-23
W260,130000,2026-01-23
W260,129000,2026-01-23
W285,127000,2026-01-23
W245,123000,2026-01-23
W275,123000,2026-01-23
W275,123000,2026-01-23
W270,124000,2026-01-23
W240,132000,2026-01-23
W265,124000,2026-01-23
W235,125000,2026-01-23
W240,126000,2026-01-23
W280,138000,2026-01-23
W285,126000,2026-01-23
W220,123000,2026-01-23
W250,132000,2026-01-23
W230,130000,2026-01-23
W240,131000,2026-01-23
W270,120000,2026-01-23
W270,129000,2026-01-23
W270,128000,2026-01-23
W285,127000,2026-01-23
W270,128000,2026-01-23
W250,124000,2026-01-23
W275,123000,2026-01-23
W260,130000,2026-01-23
W270,128000,2026-01-23
W235,124000,2026-01-23
W275,123000,2026-01-23
W265,124000,2026-01-23
W240,126000,2026-01-23
W275,123000,2026-01-23
W265,131000,2026-01-23
W265,131000,2026-01-23
W245,127000,2026-01-23
W265,130000,2026-01-23
W230,136000,2026-01-23
W265,131000,2026-01-23
W260,130000,2026-01-23
W270,128000,2026-01-23
W230,135000,2026-01-24
W235,126000,2026-01-24
W285,128000,2026-01-24
W245,128000,2026-01-24
W280,135000,2026-01-24
W270,131000,2026-01-24
W270,131000,2026-01-24
W275,122000,2026-01-24
W285,127000,2026-01-24
W285,127000,2026-01-24
W270,131000,2026-01-24
W275,122000,2026-01-24
W275,124000,2026-01-24
W285,128000,2026-01-24
W265,132000,2026-01-24
W265,132000,2026-01-24
W275,124000,2026-01-24
W240,130000,2026-01-24
W240,130000,2026-01-24
W280,135000,2026-01-24
W285,128000,2026-01-24
W270,130000,2026-01-24
W275,124000,2026-01-24
W270,130000,2026-01-24
W270,130000,2026-01-24
W275,125000,2026-01-24
W240,131000,2026-01-24
W265,131000,2026-01-24
W245,128000,2026-01-24
W275,124000,2026-01-24
W275,124000,2026-01-24
W245,128000,2026-01-24
W240,132000,2026-01-24
W270,129000,2026-01-24
W230,132000,2026-01-24
W240,131000,2026-01-24
W270,129000,2026-01-24
W285,127000,2026-01-24
W275,123000,2026-01-24
W290,179000,2026-01-24
W275,122000,2026-01-24
W265,132000,2026-01-24
W275,123000,2026-01-24
W260,129000,2026-01-24
W245,128000,2026-01-24
W235,125000,2026-01-24
W270,131000,2026-01-24
W280,136000,2026-01-24
W220,123000,2026-01-24
W245,128000,2026-01-24
W270,131000,2026-01-24
W250,130000,2026-01-24
W280,135000,2026-01-24
W270,131000,2026-01-24
W250,130000,2026-01-24
W260,129000,2026-01-24
W285,130000,2026-01-24
W235,134000,2026-01-24
W275,123000,2026-01-24
W270,131000,2026-01-24
W265,132000,2026-01-24
W275,124000,2026-01-24
W240,129000,2026-01-25
W275,125000,2026-01-25
W265,130000,2026-01-25
W265,130000,2026-01-25
W285,128000,2026-01-25
W265,134000,2026-01-25
W265,130000,2026-01-25
W270,131000,2026-01-25
W280,132000,2026-01-25
W250,130000,2026-01-25
W275,121000,2026-01-25
W275,125000,2026-01-25
W235,126000,2026-01-25
W270,131000,2026-01-25
W275,121000,2026-01-25
W240,129000,2026-01-25
W255,134000,2026-01-25
W290,180000,2026-01-25
W275,121000,2026-01-25
W275,125000,2026-01-25
W270,130000,2026-01-25
W275,125000,2026-01-25
W270,130000,2026-01-25
W245,128000,2026-01-25
W260,130000,2026-01-25
W265,127000,2026-01-25
W270,131000,2026-01-25
W260,130000,2026-01-25
W265,133000,2026-01-25
W245,128000,2026-01-25
W240,130000,2026-01-25
W270,131000,2026-01-25
W270,131000,2026-01-25
W275,121000,2026-01-25
W255,134000,2026-01-25
W235,122000,2026-01-25
W275,125000,2026-01-25
W265,132000,2026-01-25
W240,129000,2026-01-25
W265,134000,2026-01-25
W275,125000,2026-01-25
W220,121000,2026-01-25
W255,131000,2026-01-25
W260,130000,2026-01-25
W225,129000,2026-01-25
W260,130000,2026-01-25
W270,127000,2026-01-25
W265,133000,2026-01-25
W230,135000,2026-01-25
W230,131000,2026-01-25
W275,125000,2026-01-25
W265,132000,2026-01-25
W255,134000,2026-01-25
W235,125000,2026-01-25
W265,130000,2026-01-25
W245,127000,2026-01-25
W270,130000,2026-01-25
W275,125000,2026-01-25
W255,131000,2026-01-25
W255,134000,2026-01-25
W265,134000,2026-01-25
W280,135000,2026-01-25
W270,130000,2026-01-25
W250,130000,2026-01-25
W265,134000,2026-01-25
W230,136000,2026-01-25
W275,121000,2026-01-25
W250,132000,2026-01-25
W270,130000,2026-01-25
W265,130000,2026-01-25
W275,125000,2026-01-25
W250,130000,2026-01-25
W275,125000,2026-01-25
W250,130000,2026-01-25
W275,125000,2026-01-25
W275,121000,2026-01-26
W235,126000,2026-01-26
W270,132000,2026-01-26
W245,125000,2026-01-26
W230,136000,2026-01-26
W240,132000,2026-01-26
W285,129000,2026-01-26
W255,133000,2026-01-26
W220,122000,2026-01-26
W270,131000,2026-01-26
W240,132000,2026-01-26
W285,129000,2026-01-26
W225,129000,2026-01-26
W280,132000,2026-01-26
W250,130000,2026-01-26
W285,129000,2026-01-26
W245,126000,2026-01-26
W250,130000,2026-01-26
W275,127000,2026-01-26
W260,129000,2026-01-26
W260,129000,2026-01-26
W240,128000,2026-01-26
W270,132000,2026-01-26
W260,129000,2026-01-26
W275,128000,2026-01-26
W240,132000,2026-01-26
W255,133000,2026-01-26
W255,133000,2026-01-26
W270,131000,2026-01-26
W280,132000,2026-01-26
W235,128000,2026-01-26
W235,128000,2026-01-26
W240,132000,2026-01-26
W235,128000,2026-01-26
W240,132000,2026-01-26
W280,132000,2026-01-26
W280,136000,2026-01-26
W265,133000,2026-01-26
W280,135000,2026-01-26
W270,128000,2026-01-26
W280,135000,2026-01-26
W265,133000,2026-01-26
W275,127000,2026-01-26
W270,131000,2026-01-26
W280,135000,2026-01-26
W275,125000,2026-01-26
W270,129000,2026-01-26
W280,135000,2026-01-26
W230,135000,2026-01-26
W285,126000,2026-01-26
W270,131000,2026-01-26
W250,130000,2026-01-26
W265,126000,2026-01-26
W270,131000,2026-01-26
W285,129000,2026-01-26
W280,134000,2026-01-26
W275,125000,2026-01-26
W270,135000,2026-01-26
W270,130000,2026-01-26
W245,128000,2026-01-26
W265,133000,2026-01-26
W220,121000,2026-01-26
W270,131000,2026-01-26
W265,127000,2026-01-26
W285,129000,2026-01-26
W250,130000,2026-01-26
W285,128000,2026-01-26
W275,127000,2026-01-26
W265,133000,2026-01-26
W240,132000,2026-01-26
W275,126000,2026-01-26
W270,133000,2026-01-26
W240,129000,2026-01-26
W270,133000,2026-01-26
W280,136000,2026-01-26
W270,133000,2026-01-26
W275,125000,2026-01-26
W270,132000,2026-01-26
W265,132000,2026-01-26
W240,129000,2026-01-26
W275,125000,2026-01-26
W265,129000,2026-01-26
W275,125000,2026-01-26
W275,125000,2026-01-26
W245,126000,2026-01-26
W225,129000,2026-01-27
W235,127000,2026-01-27
W240,134000,2026-01-27
W235,127000,2026-01-27
W265,134000,2026-01-27
W280,136000,2026-01-27
W270,127000,2026-01-27
W265,134000,2026-01-27
W245,129000,2026-01-27
W275,122000,2026-01-27
W265,133000,2026-01-27
W280,135000,2026-01-27
W275,128000,2026-01-27
W265,133000,2026-01-27
W245,125000,2026-01-27
W280,128000,2026-01-27
W280,124000,2026-01-27
W235,128000,2026-01-27
W265,133000,2026-01-27
W280,134000,2026-01-27
W270,132000,2026-01-27
W280,128000,2026-01-27
W275,120000,2026-01-27
W235,127000,2026-01-27
W270,132000,2026-01-27
W240,135000,2026-01-27
W265,128000,2026-01-27
W270,133000,2026-01-27
W265,128000,2026-01-27
W285,129000,2026-01-27
W285,129000,2026-01-27
W270,133000,2026-01-27
W240,131000,2026-01-27
W265,128000,2026-01-27
W270,125000,2026-01-27
W270,132000,2026-01-27
W255,134000,2026-01-27
W245,129000,2026-01-27
W265,133000,2026-01-27
W280,139000,2026-01-27
W270,128000,2026-01-27
W265,134000,2026-01-27
W285,128000,2026-01-27
W280,138000,2026-01-27
W235,128000,2026-01-27
W255,133000,2026-01-27
W280,137000,2026-01-27
W270,132000,2026-01-27
W230,138000,2026-01-27
W270,133000,2026-01-27
W255,133000,2026-01-27
W250,130000,2026-01-27
W245,126000,2026-01-27
W240,132000,2026-01-27
W275,121000,2026-01-27
W270,131000,2026-01-27
W265,126000,2026-01-27
W245,127000,2026-01-27
W245,122000,2026-01-27
W275,121000,2026-01-27
W265,133000,2026-01-27
W270,131000,2026-01-27
W240,132000,2026-01-27
W230,137000,2026-01-27
W240,132000,2026-01-27
W265,127000,2026-01-27
W235,127000,2026-01-27
W265,127000,2026-01-27
W265,125000,2026-01-27
W275,128000,2026-01-27
W270,128000,2026-01-27
W265,134000,2026-01-27
W265,133000,2026-01-27
W265,128000,2026-01-27
W275,127000,2026-01-27
W270,132000,2026-01-27
W260,129000,2026-01-27
W275,128000,2026-01-27
W225,129000,2026-01-27
W285,128000,2026-01-27
W275,127000,2026-01-27
W270,127000,2026-01-27
W270,133000,2026-01-27
W275,121000,2026-01-27
W240,132000,2026-01-27
W265,128000,2026-01-27
W260,130000,2026-01-27
W255,133000,2026-01-27
W270,132000,2026-01-27
W280,128000,2026-01-27
W235,128000,2026-01-27
W280,128000,2026-01-27
W280,128000,2026-01-27
W275,127000,2026-01-27
W240,131000,2026-01-27
W270,128000,2026-01-27
W270,132000,2026-01-27
W235,128000,2026-01-27
W245,129000,2026-01-27
W285,129000,2026-01-28
W265,135000,2026-01-28
W250,129000,2026-01-28
W275,124000,2026-01-28
W230,129000,2026-01-28
W240,137000,2026-01-28
W265,128000,2026-01-28
W280,139000,2026-01-28
W285,129000,2026-01-28
W250,130000,2026-01-28
W270,132000,2026-01-28
W285,129000,2026-01-28
W270,128000,2026-01-28
W255,133000,2026-01-28
W250,129000,2026-01-28
W225,126000,2026-01-28
W270,133000,2026-01-28
W225,126000,2026-01-28
W265,135000,2026-01-28
W260,128000,2026-01-28
W270,133000,2026-01-28
W240,137000,2026-01-28
W255,131000,2026-01-28
W255,133000,2026-01-28
W260,128000,2026-01-28
W245,124000,2026-01-28
W280,137000,2026-01-28
W270,133000,2026-01-28
W290,174000,2026-01-28
W280,135000,2026-01-28
W285,128000,2026-01-28
W240,136000,2026-01-28
W220,121000,2026-01-28
W275,122000,2026-01-28
W245,124000,2026-01-28
W275,128000,2026-01-28
W250,127000,2026-01-28
W235,127000,2026-01-28
W265,135000,2026-01-28
W285,129000,2026-01-28
W250,130000,2026-01-28
W285,129000,2026-01-28
W285,129000,2026-01-28
W265,128000,2026-01-28
W250,130000,2026-01-28
W270,128000,2026-01-28
W285,129000,2026-01-28
W260,129000,2026-01-28
W225,129000,2026-01-28
W280,137000,2026-01-28
W275,128000,2026-01-28
W240,137000,2026-01-28
W240,133000,2026-01-28
W275,128000,2026-01-28
W255,132000,2026-01-28
W240,137000,2026-01-28
W235,128000,2026-01-28
W235,127000,2026-01-28
W265,128000,2026-01-28
W245,125000,2026-01-29
W285,128000,2026-01-29
W245,122000,2026-01-29
W260,127000,2026-01-29
W250,129000,2026-01-29
W265,134000,2026-01-29
W255,133000,2026-01-29
W290,173000,2026-01-29
W270,130000,2026-01-29
W260,127000,2026-01-29
W270,131000,2026-01-29
W265,135000,2026-01-29
W280,135000,2026-01-29
W255,133000,2026-01-29
W235,127000,2026-01-29
W285,128000,2026-01-29
W275,124000,2026-01-29
W270,131000,2026-01-29
W235,128000,2026-01-29
W260,126000,2026-01-29
W230,136000,2026-01-29
W250,129000,2026-01-29
W240,138000,2026-01-29
W265,128000,2026-01-29
W275,128000,2026-01-29
W245,128000,2026-01-29
W270,132000,2026-01-29
W265,135000,2026-01-29
W245,127000,2026-01-29
W260,127000,2026-01-29
W270,132000,2026-01-29
W265,135000,2026-01-29
W235,127000,2026-01-29
W270,126000,2026-01-29
W270,133000,2026-01-29
W265,135000,2026-01-29
W240,138000,2026-01-29
W285,123000,2026-01-29
W255,133000,2026-01-29
W225,126000,2026-01-29
W265,128000,2026-01-29
W285,128000,2026-01-29
W260,128000,2026-01-29
W285,125000,2026-01-29
W250,128000,2026-01-29
W235,128000,2026-01-29
W265,128000,2026-01-29
W280,135000,2026-01-29
W245,127000,2026-01-29
W245,127000,2026-01-29
W230,130000,2026-01-29
W225,127000,2026-01-29
W265,133000,2026-01-29
W235,128000,2026-01-29
W250,128000,2026-01-29
W275,128000,2026-01-29
W275,124000,2026-01-29
W270,129000,2026-01-29
W270,131000,2026-01-30
W220,136000,2026-01-30
W250,129000,2026-01-30
W240,123000,2026-01-30
W255,126000,2026-01-30
W230,135000,2026-01-30
W260,127000,2026-01-30
W255,127000,2026-01-30
W220,122000,2026-01-30
W270,132000,2026-01-30
W275,127000,2026-01-30
W225,128000,2026-01-30
W290,187000,2026-01-30
W275,127000,2026-01-30
W270,131000,2026-01-30
W270,131000,2026-01-30
W260,128000,2026-01-30
W220,135000,2026-01-30
W285,129000,2026-01-30
W225,129000,2026-01-30
W275,127000,2026-01-30
W270,131000,2026-01-30
W280,136000,2026-01-30
W240,129000,2026-01-30
W255,133000,2026-01-30
W225,130000,2026-01-30
W240,130000,2026-01-30
W240,137000,2026-01-30
W285,129000,2026-01-30
W230,134000,2026-01-30
W270,132000,2026-01-30
W265,128000,2026-01-30
W265,128000,2026-01-30
W260,127000,2026-01-30
W285,128000,2026-01-30
W275,124000,2026-01-30
W265,136000,2026-01-30
W285,128000,2026-01-30
W270,131000,2026-01-30
W265,127000,2026-01-30
W270,132000,2026-01-30
W265,136000,2026-01-30
W275,125000,2026-01-30
W280,133000,2026-01-30
W245,129000,2026-01-30
W240,138000,2026-01-30
W275,126000,2026-01-30
W220,122000,2026-01-30
W265,128000,2026-01-30
W280,126000,2026-01-30
W255,129000,2026-01-30
W285,128000,2026-01-30
W270,132000,2026-01-30
W275,128000,2026-01-30
W285,129000,2026-01-30
W275,127000,2026-01-30
W285,128000,2026-01-30
W270,131000,2026-01-30
W275,126000,2026-01-30
W280,136000,2026-01-30
W265,136000,2026-01-30
W235,127000,2026-01-30
W280,132000,2026-01-31
W275,128000,2026-01-31
W265,135000,2026-01-31
W240,123000,2026-01-31
W270,129000,2026-01-31
W250,128000,2026-01-31
W270,129000,2026-01-31
W230,129000,2026-01-31
W275,125000,2026-01-31
W270,129000,2026-01-31
W265,137000,2026-01-31
W270,129000,2026-01-31
W275,125000,2026-01-31
W275,125000,2026-01-31
W265,137000,2026-01-31
W265,137000,2026-01-31
W270,129000,2026-01-31
W230,129000,2026-01-31
W245,127000,2026-01-31
W250,126000,2026-01-31
W250,129000,2026-01-31
W270,129000,2026-01-31
W270,129000,2026-01-31
W250,125000,2026-01-31
W270,130000,2026-01-31
W270,146000,2026-01-31
W265,135000,2026-01-31
W240,136000,2026-01-31
W260,128000,2026-01-31
W275,127000,2026-01-31
W255,127000,2026-01-31
W270,130000,2026-01-31
W245,126000,2026-01-31
W265,128000,2026-01-31
W270,130000,2026-01-31
W265,132000,2026-01-31
W265,128000,2026-01-31
W265,131000,2026-01-31
W270,130000,2026-01-31
W275,127000,2026-01-31
W265,131000,2026-01-31
W265,132000,2026-01-31
W225,131000,2026-01-31
W280,136000,2026-01-31
W250,128000,2026-01-31
W230,129000,2026-01-31
W275,126000,2026-01-31
W285,128000,2026-01-31
W280,134000,2026-01-31
W275,126000,2026-01-31
W275,126000,2026-01-31
W255,130000,2026-01-31
W245,129000,2026-02-01
W270,135000,2026-02-01
W230,129000,2026-02-01
W275,129000,2026-02-01
W260,126000,2026-02-01
W270,135000,2026-02-01
W255,130000,2026-02-01
W230,129000,2026-02-01
W275,129000,2026-02-01
W280,136000,2026-02-01
W260,126000,2026-02-01
W235,127000,2026-02-01
W290,175000,2026-02-01
W275,129000,2026-02-01
W250,130000,2026-02-01
W280,135000,2026-02-01
W270,135000,2026-02-01
W275,130000,2026-02-01
W270,135000,2026-02-01
W230,135000,2026-02-01
W230,135000,2026-02-01
W270,135000,2026-02-01
W240,131000,2026-02-01
W285,130000,2026-02-01
W255,128000,2026-02-01
W250,130000,2026-02-01
W280,137000,2026-02-01
W225,131000,2026-02-01
W280,140000,2026-02-01
W275,130000,2026-02-01
W260,126000,2026-02-01
W280,136000,2026-02-01
W245,122000,2026-02-01
W220,131000,2026-02-01
W275,139000,2026-02-01
W275,130000,2026-02-01
W240,130000,2026-02-01
W280,137000,2026-02-01
W280,136000,2026-02-01
W235,127000,2026-02-01
W270,137000,2026-02-01
W270,135000,2026-02-01
W275,130000,2026-02-01
W275,129000,2026-02-01
W265,136000,2026-02-01
W265,136000,2026-02-01
W275,127000,2026-02-01
W245,129000,2026-02-01
W270,133000,2026-02-01
W285,128000,2026-02-01
W245,123000,2026-02-01
W270,133000,2026-02-01
W260,126000,2026-02-01
W275,126000,2026-02-01
W255,130000,2026-02-01
W270,134000,2026-02-01
W265,136000,2026-02-01
W275,125000,2026-02-01
W270,130000,2026-02-01
W230,129000,2026-02-01
W280,133000,2026-02-01
W245,128000,2026-02-01
W275,125000,2026-02-01
W280,132000,2026-02-01
W275,125000,2026-02-01
W240,130000,2026-02-01
W270,132000,2026-02-01
W240,136000,2026-02-01
W245,129000,2026-02-01
W245,129000,2026-02-01
W255,127000,2026-02-01
W240,126000,2026-02-01
W275,129000,2026-02-01
W250,130000,2026-02-01
W285,129000,2026-02-01
W235,127000,2026-02-01
W265,136000,2026-02-01
W270,134000,2026-02-01
W285,129000,2026-02-01
W275,129000,2026-02-01
W240,137000,2026-02-01
W265,133000,2026-02-01
W240,136000,2026-02-01
W235,127000,2026-02-01
W235,127000,2026-02-01
W255,127000,2026-02-01
W260,126000,2026-02-01
W245,129000,2026-02-01
W285,128000,2026-02-01
W255,127000,2026-02-01
W255,130000,2026-02-01
W240,137000,2026-02-02
W235,127000,2026-02-02
W270,138000,2026-02-02
W270,138000,2026-02-02
W270,138000,2026-02-02
W270,138000,2026-02-02
W265,137000,2026-02-02
W255,126000,2026-02-02
W270,137000,2026-02-02
W270,136000,2026-02-02
W265,136000,2026-02-02
W245,129000,2026-02-02
W275,135000,2026-02-02
W240,139000,2026-02-02
W265,138000,2026-02-02
W280,135000,2026-02-02
W235,125000,2026-02-02
W255,126000,2026-02-02
W270,138000,2026-02-02
W270,147000,2026-02-02
W285,132000,2026-02-02
W275,135000,2026-02-02
W220,129000,2026-02-02
W260,126000,2026-02-02
W235,127000,2026-02-02
W280,137000,2026-02-02
W275,135000,2026-02-02
W285,132000,2026-02-02
W270,138000,2026-02-02
W280,137000,2026-02-02
W280,136000,2026-02-02
W255,125000,2026-02-02
W260,126000,2026-02-02
W240,134000,2026-02-02
W275,134000,2026-02-02
W285,130000,2026-02-02
W240,132000,2026-02-02
W265,137000,2026-02-02
W245,129000,2026-02-02
W230,129000,2026-02-02
W230,129000,2026-02-02
W275,133000,2026-02-02
W280,136000,2026-02-02
W265,135000,2026-02-02
W275,133000,2026-02-02
W260,126000,2026-02-02
W265,129000,2026-02-02
W275,132000,2026-02-02
W220,130000,2026-02-02
W270,135000,2026-02-02
W285,130000,2026-02-02
W275,131000,2026-02-02
W270,139000,2026-02-02
W270,135000,2026-02-02
W270,135000,2026-02-02
W240,131000,2026-02-02
W240,138000,2026-02-02
W275,134000,2026-02-02
W220,130000,2026-02-02
W265,137000,2026-02-02
W275,134000,2026-02-02
W270,136000,2026-02-02
W275,133000,2026-02-02
W230,135000,2026-02-02
W240,138000,2026-02-02
W275,133000,2026-02-02
W240,138000,2026-02-02
W285,130000,2026-02-02
W240,138000,2026-02-02
W250,125000,2026-02-02
W270,136000,2026-02-02
W250,125000,2026-02-02
W285,130000,2026-02-02
W240,137000,2026-02-02
W275,135000,2026-02-02
W260,126000,2026-02-02
W275,135000,2026-02-02
W265,137000,2026-02-02
W240,136000,2026-02-02
W230,131000,2026-02-02
W260,126000,2026-02-02
W255,126000,2026-02-02
W285,133000,2026-02-02
W265,138000,2026-02-02
W280,137000,2026-02-02
W260,130000,2026-02-03
W285,130000,2026-02-03
W270,138000,2026-02-03
W255,129000,2026-02-03
W265,139000,2026-02-03
W265,138000,2026-02-03
W260,130000,2026-02-03
W280,140000,2026-02-03
W290,178000,2026-02-03
W280,139000,2026-02-03
W260,130000,2026-02-03
W275,135000,2026-02-03
W250,125000,2026-02-03
W260,130000,2026-02-03
W250,126000,2026-02-03
W260,130000,2026-02-03
W240,138000,2026-02-03
W260,131000,2026-02-03
W220,130000,2026-02-03
W260,132000,2026-02-03
W270,142000,2026-02-03
W260,132000,2026-02-03
W265,139000,2026-02-03
W250,126000,2026-02-03
W290,172000,2026-02-03
W275,136000,2026-02-03
W245,131000,2026-02-03
W270,138000,2026-02-03
W270,138000,2026-02-03
W265,139000,2026-02-03
W260,129000,2026-02-03
W275,135000,2026-02-03
W270,138000,2026-02-03
W260,129000,2026-02-03
W280,139000,2026-02-03
W235,127000,2026-02-03
W255,126000,2026-02-03
W225,139000,2026-02-03
W285,130000,2026-02-03
W270,140000,2026-02-03
W250,127000,2026-02-03
W275,134000,2026-02-03
W265,138000,2026-02-03
W270,138000,2026-02-03
W235,128000,2026-02-03
W235,129000,2026-02-03
W275,135000,2026-02-03
W245,134000,2026-02-03
W255,127000,2026-02-03
W285,133000,2026-02-03
W280,138000,2026-02-03
W275,135000,2026-02-03
W270,138000,2026-02-03
W260,127000,2026-02-03
W280,139000,2026-02-03
W275,135000,2026-02-03
W275,135000,2026-02-03
W275,135000,2026-02-03
W235,125000,2026-02-03
W275,135000,2026-02-03
W270,138000,2026-02-03
W285,133000,2026-02-03
W240,138000,2026-02-03
W245,128000,2026-02-03
W235,131000,2026-02-04
W270,139000,2026-02-04
W230,135000,2026-02-04
W275,139000,2026-02-04
W275,139000,2026-02-04
W260,133000,2026-02-04
W270,140000,2026-02-04
W270,139000,2026-02-04
W275,138000,2026-02-04
W280,136000,2026-02-04
W285,135000,2026-02-04
W235,119000,2026-02-04
W255,132000,2026-02-04
W270,139000,2026-02-04
W285,130000,2026-02-04
W270,135000,2026-02-04
W260,132000,2026-02-04
W270,140000,2026-02-04
W280,157000,2026-02-04
W270,141000,2026-02-04
W275,138000,2026-02-04
W235,129000,2026-02-04
W265,138000,2026-02-04
W265,137000,2026-02-04
W255,131000,2026-02-04
W245,133000,2026-02-04
W275,139000,2026-02-04
W240,135000,2026-02-04
W250,125000,2026-02-04
W275,139000,2026-02-04
W255,134000,2026-02-04
W285,135000,2026-02-04
W240,136000,2026-02-04
W285,130000,2026-02-04
W275,140000,2026-02-04
W220,130000,2026-02-04
W275,140000,2026-02-04
W280,154000,2026-02-04
W270,139000,2026-02-04
W285,134000,2026-02-04
W260,133000,2026-02-04
W265,134000,2026-02-04
W255,131000,2026-02-04
W245,133000,2026-02-04
W255,130000,2026-02-04
W270,138000,2026-02-04
W265,139000,2026-02-04
W260,132000,2026-02-04
W280,142000,2026-02-04
W275,137000,2026-02-04
W285,134000,2026-02-04
W245,132000,2026-02-04
W270,138000,2026-02-04
W275,137000,2026-02-04
W245,132000,2026-02-04
W275,137000,2026-02-04
W285,134000,2026-02-04
W265,139000,2026-02-04
W280,141000,2026-02-04
W280,136000,2026-02-04
W250,126000,2026-02-04
W235,130000,2026-02-04
W230,135000,2026-02-04
W235,130000,2026-02-04
W275,137000,2026-02-04
W265,135000,2026-02-04
W280,146000,2026-02-04
W245,132000,2026-02-04
W240,138000,2026-02-04
W235,130000,2026-02-04
W265,140000,2026-02-04
W245,129000,2026-02-04
W265,139000,2026-02-04
W240,135000,2026-02-04
W230,134000,2026-02-04
W265,139000,2026-02-04
W270,138000,2026-02-04
W280,146000,2026-02-04
W240,131000,2026-02-05
W270,140000,2026-02-05
W250,126000,2026-02-05
W265,138000,2026-02-05
W285,127000,2026-02-05
W275,140000,2026-02-05
W290,188000,2026-02-05
W245,125000,2026-02-05
W250,127000,2026-02-05
W275,139000,2026-02-05
W270,126000,2026-02-05
W280,145000,2026-02-05
W270,140000,2026-02-05
W280,146000,2026-02-05
W250,128000,2026-02-05
W270,140000,2026-02-05
W270,140000,2026-02-05
W285,128000,2026-02-05
W275,136000,2026-02-05
W285,135000,2026-02-05
W265,134000,2026-02-05
W270,140000,2026-02-05
W270,140000,2026-02-05
W250,128000,2026-02-05
W240,131000,2026-02-05
W285,127000,2026-02-05
W275,139000,2026-02-05
W255,133000,2026-02-05
W255,134000,2026-02-05
W265,138000,2026-02-05
W270,139000,2026-02-05
W240,136000,2026-02-05
W285,127000,2026-02-05
W270,139000,2026-02-05
W255,133000,2026-02-05
W235,131000,2026-02-05
W260,134000,2026-02-05
W230,133000,2026-02-05
W265,138000,2026-02-05
W250,126000,2026-02-05
W285,127000,2026-02-05
W265,137000,2026-02-05
W265,138000,2026-02-05
W255,132000,2026-02-05
W260,135000,2026-02-05
W275,133000,2026-02-05
W280,145000,2026-02-05
W280,156000,2026-02-05
W260,134000,2026-02-05
W270,140000,2026-02-05
W270,139000,2026-02-05
W235,131000,2026-02-05
W265,134000,2026-02-05
W275,135000,2026-02-05
W270,136000,2026-02-05
W275,138000,2026-02-06
W240,129000,2026-02-06
W255,132000,2026-02-06
W265,142000,2026-02-06
W285,130000,2026-02-06
W260,134000,2026-02-06
W270,139000,2026-02-06
W285,130000,2026-02-06
W250,135000,2026-02-06
W265,139000,2026-02-06
W285,134000,2026-02-06
W255,133000,2026-02-06
W220,130000,2026-02-06
W275,139000,2026-02-06
W240,130000,2026-02-06
W270,141000,2026-02-06
W265,144000,2026-02-06
W285,135000,2026-02-06
W275,140000,2026-02-06
W260,135000,2026-02-06
W255,134000,2026-02-06
W265,145000,2026-02-06
W260,135000,2026-02-06
W280,153000,2026-02-06
W290,189000,2026-02-06
W270,141000,2026-02-06
W250,131000,2026-02-06
W275,138000,2026-02-06
W275,138000,2026-02-06
W250,130000,2026-02-06
W265,141000,2026-02-06
W265,135000,2026-02-06
W230,132000,2026-02-06
W265,139000,2026-02-06
W220,129000,2026-02-06
W240,132000,2026-02-06
W275,139000,2026-02-06
W255,133000,2026-02-06
W280,153000,2026-02-06
W245,129000,2026-02-06
W250,130000,2026-02-06
W265,138000,2026-02-06
W265,138000,2026-02-06
W255,122000,2026-02-06
W265,125000,2026-02-06
W225,140000,2026-02-06
W265,138000,2026-02-06
W240,130000,2026-02-06
W280,153000,2026-02-06
W245,130000,2026-02-06
W260,134000,2026-02-06
W245,129000,2026-02-06
W265,140000,2026-02-06
W270,141000,2026-02-06
W245,130000,2026-02-06
W285,134000,2026-02-06
W275,139000,2026-02-06
W240,130000,2026-02-06
W265,141000,2026-02-06
W265,141000,2026-02-06
W265,141000,2026-02-06
W230,129000,2026-02-06
W265,138000,2026-02-06
W260,122000,2026-02-06
W285,136000,2026-02-07
W255,134000,2026-02-07
W230,134000,2026-02-07
W255,134000,2026-02-07
W275,138000,2026-02-07
W230,133000,2026-02-07
W280,148000,2026-02-07
W245,136000,2026-02-07
W250,133000,2026-02-07
W280,152000,2026-02-07
W250,134000,2026-02-07
W230,132000,2026-02-07
W240,128000,2026-02-07
W270,141000,2026-02-07
W265,145000,2026-02-07
W270,140000,2026-02-07
W270,140000,2026-02-07
W240,128000,2026-02-07
W275,138000,2026-02-07
W270,140000,2026-02-07
W265,145000,2026-02-07
W265,145000,2026-02-07
W275,138000,2026-02-07
W270,141000,2026-02-07
W280,149000,2026-02-07
W260,135000,2026-02-07
W270,142000,2026-02-07
W250,133000,2026-02-07
W265,145000,2026-02-07
W270,141000,2026-02-07
W285,130000,2026-02-07
W245,132000,2026-02-07
W265,147000,2026-02-07
W245,132000,2026-02-07
W285,131000,2026-02-07
W240,134000,2026-02-07
W285,135000,2026-02-07
W265,157000,2026-02-07
W275,139000,2026-02-07
W275,140000,2026-02-07
W240,124000,2026-02-07
W265,145000,2026-02-07
W245,123000,2026-02-07
W255,133000,2026-02-07
W255,133000,2026-02-07
W260,134000,2026-02-07
W275,138000,2026-02-07
W270,140000,2026-02-07
W285,136000,2026-02-07
W240,127000,2026-02-07
W285,136000,2026-02-07
W260,134000,2026-02-07
W275,140000,2026-02-07
W270,140000,2026-02-07
W260,134000,2026-02-07
W250,132000,2026-02-07
W260,135000,2026-02-07
W245,129000,2026-02-07
W260,134000,2026-02-07
W270,143000,2026-02-07
W275,138000,2026-02-07
W260,135000,2026-02-07
W275,141000,2026-02-08
W280,156000,2026-02-08
W260,137000,2026-02-08
W275,141000,2026-02-08
W260,137000,2026-02-08
W270,140000,2026-02-08
W275,140000,2026-02-08
W285,136000,2026-02-08
W265,145000,2026-02-08
W265,145000,2026-02-08
W265,144000,2026-02-08
W275,142000,2026-02-08
W275,141000,2026-02-08
W280,156000,2026-02-08
W290,198000,2026-02-08
W270,141000,2026-02-08
W260,137000,2026-02-08
W250,135000,2026-02-08
W275,142000,2026-02-08
W260,137000,2026-02-08
W285,137000,2026-02-08
W275,142000,2026-02-08
W275,143000,2026-02-08
W270,140000,2026-02-08
W245,133000,2026-02-08
W275,143000,2026-02-08
W250,130000,2026-02-08
W230,134000,2026-02-08
W230,135000,2026-02-08
W225,130000,2026-02-08
W265,144000,2026-02-08
W265,143000,2026-02-08
W235,127000,2026-02-08
W265,144000,2026-02-08
W265,126000,2026-02-08
W275,139000,2026-02-08
W240,128000,2026-02-08
W255,134000,2026-02-08
W260,135000,2026-02-08
W270,139000,2026-02-08
W265,145000,2026-02-08
W240,128000,2026-02-08
W280,155000,2026-02-08
W265,145000,2026-02-08
W260,137000,2026-02-08
W235,128000,2026-02-08
W270,143000,2026-02-08
W285,135000,2026-02-08
W235,131000,2026-02-08
W245,133000,2026-02-08
W285,136000,2026-02-08
W285,135000,2026-02-08
W280,156000,2026-02-08
W265,145000,2026-02-08
W275,139000,2026-02-08
W235,131000,2026-02-08
W250,135000,2026-02-08
W240,128000,2026-02-08
W275,139000,2026-02-08
W255,135000,2026-02-08
W265,145000,2026-02-08
W270,142000,2026-02-08
W285,137000,2026-02-09
W275,143000,2026-02-09
W260,137000,2026-02-09
W260,136000,2026-02-09
W265,145000,2026-02-09
W250,136000,2026-02-09
W280,156000,2026-02-09
W265,145000,2026-02-09
W230,135000,2026-02-09
W270,128000,2026-02-09
W250,136000,2026-02-09
W250,121000,2026-02-09
W275,139000,2026-02-09
W260,137000,2026-02-09
W240,128000,2026-02-09
W265,145000,2026-02-09
W225,139000,2026-02-09
W285,137000,2026-02-09
W275,142000,2026-02-09
W260,137000,2026-02-09
W275,143000,2026-02-09
W225,139000,2026-02-09
W265,145000,2026-02-09
W290,198000,2026-02-09
W260,135000,2026-02-09
W280,157000,2026-02-09
W270,140000,2026-02-09
W280,166000,2026-02-09
W265,145000,2026-02-09
W230,135000,2026-02-09
W285,137000,2026-02-09
W240,128000,2026-02-09
W270,140000,2026-02-09
W250,135000,2026-02-09
W275,142000,2026-02-09
W280,156000,2026-02-09
W265,144000,2026-02-09
W265,144000,2026-02-09
W265,144000,2026-02-09
W240,127000,2026-02-09
W275,142000,2026-02-09
W270,143000,2026-02-09
W260,137000,2026-02-09
W225,139000,2026-02-09
W255,134000,2026-02-09
W270,143000,2026-02-09
W235,133000,2026-02-09
W250,135000,2026-02-09
W265,145000,2026-02-09
W235,132000,2026-02-09
W270,142000,2026-02-09
W285,137000,2026-02-09
W270,141000,2026-02-09
W290,197000,2026-02-09
W270,143000,2026-02-09
W255,135000,2026-02-09
W240,127000,2026-02-09
W265,145000,2026-02-09
W280,156000,2026-02-09
W255,136000,2026-02-09
W250,135000,2026-02-09
W275,141000,2026-02-09
W285,137000,2026-02-09
W230,134000,2026-02-09
W240,129000,2026-02-09
W285,137000,2026-02-09
W265,141000,2026-02-09
W240,128000,2026-02-09
W270,143000,2026-02-09
W220,130000,2026-02-09
W270,143000,2026-02-09
W285,137000,2026-02-09
W240,127000,2026-02-09
W265,145000,2026-02-09
W240,129000,2026-02-09
W265,145000,2026-02-10
W265,141000,2026-02-10
W260,135000,2026-02-10
W270,130000,2026-02-10
W285,137000,2026-02-10
W285,137000,2026-02-10
W285,138000,2026-02-10
W280,166000,2026-02-10
W230,135000,2026-02-10
W260,136000,2026-02-10
W270,143000,2026-02-10
W235,132000,2026-02-10
W265,145000,2026-02-10
W230,135000,2026-02-10
W275,144000,2026-02-10
W270,130000,2026-02-10
W240,130000,2026-02-10
W275,142000,2026-02-10
W285,138000,2026-02-10
W255,134000,2026-02-10
W270,143000,2026-02-10
W270,143000,2026-02-10
W270,141000,2026-02-10
W265,145000,2026-02-10
W260,137000,2026-02-10
W275,144000,2026-02-10
W270,143000,2026-02-10
W260,136000,2026-02-10
W250,135000,2026-02-10
W275,150000,2026-02-10
W270,142000,2026-02-10
W260,136000,2026-02-10
W235,131000,2026-02-10
W285,136000,2026-02-10
W285,138000,2026-02-10
W270,143000,2026-02-10
W275,140000,2026-02-10
W240,132000,2026-02-10
W240,131000,2026-02-10
W245,133000,2026-02-10
W260,135000,2026-02-10
W265,145000,2026-02-10
W235,133000,2026-02-10
W260,135000,2026-02-10
W285,138000,2026-02-10
W265,145000,2026-02-10
W240,132000,2026-02-10
W240,131000,2026-02-10
W245,133000,2026-02-10
W260,135000,2026-02-10
W265,145000,2026-02-10
W235,133000,2026-02-10
W265,145000,2026-02-10
W240,130000,2026-02-10
W285,138000,2026-02-10
W270,143000,2026-02-10
W280,140000,2026-02-10
W245,133000,2026-02-10
W280,167000,2026-02-10
W285,138000,2026-02-10
W270,143000,2026-02-10
W240,130000,2026-02-10
W270,143000,2026-02-10
W275,150000,2026-02-10
W275,153000,2026-02-10
W275,154000,2026-02-10
W270,143000,2026-02-10
W285,138000,2026-02-10
W275,155000,2026-02-10
W270,143000,2026-02-10
W255,134000,2026-02-10
W260,135000,2026-02-10
W275,155000,2026-02-10
W265,145000,2026-02-10
W270,143000,2026-02-10
W265,145000,2026-02-10
W265,145000,2026-02-10
W230,135000,2026-02-10
W260,135000,2026-02-10
W260,136000,2026-02-10
W260,136000,2026-02-10
W270,140000,2026-02-10
W235,133000,2026-02-10
W270,140000,2026-02-10
W275,144000,2026-02-10
W270,141000,2026-02-10
W260,137000,2026-02-10
W275,144000,2026-02-10
W270,143000,2026-02-10
W265,145000,2026-02-10
W230,135000,2026-02-10
W265,145000,2026-02-10
W250,135000,2026-02-10
W285,135000,2026-02-10
W240,127000,2026-02-10
W275,144000,2026-02-10
W265,145000,2026-02-10
W270,140000,2026-02-10
W285,135000,2026-02-10
W250,135000,2026-02-10
W275,143000,2026-02-10
W235,132000,2026-02-10
W285,138000,2026-02-10
W240,128000,2026-02-10
W240,129000,2026-02-10
W280,166000,2026-02-10
W260,135000,2026-02-10
W285,136000,2026-02-10
W260,136000,2026-02-10
W240,130000,2026-02-10
W240,129000,2026-02-10
W275,150000,2026-02-10
W285,138000,2026-02-10
W285,138000,2026-02-10
W285,138000,2026-02-10
W240,130000,2026-02-10
W275,140000,2026-02-10
W250,135000,2026-02-10
W275,154000,2026-02-10
W275,153000,2026-02-10
W275,150000,2026-02-10
W270,143000,2026-02-10
W240,130000,2026-02-10
W285,138000,2026-02-10
W280,167000,2026-02-10
W245,133000,2026-02-10
W280,140000,2026-02-10
W230,135000,2026-02-10
W235,132000,2026-02-10
W265,145000,2026-02-10
W260,136000,2026-02-10
W265,145000,2026-02-10
W265,141000,2026-02-10
W260,135000,2026-02-10
W270,143000,2026-02-10
W270,130000,2026-02-10
W275,142000,2026-02-10
W270,130000,2026-02-10
W235,131000,2026-02-10
W285,137000,2026-02-10
W285,137000,2026-02-10
W275,144000,2026-02-10
W280,166000,2026-02-10
W230,135000,2026-02-10
W270,142000,2026-02-10
W260,136000,2026-02-10
W285,136000,2026-02-10
W240,133000,2026-02-11
W245,129000,2026-02-11
W265,145000,2026-02-11
W285,139000,2026-02-11
W275,157000,2026-02-11
W285,139000,2026-02-11
W265,145000,2026-02-11
W265,145000,2026-02-11
W265,145000,2026-02-11
W270,144000,2026-02-11
W275,146000,2026-02-11
W275,146000,2026-02-11
W255,135000,2026-02-11
W275,147000,2026-02-11
W270,145000,2026-02-11
W265,145000,2026-02-11
W270,145000,2026-02-11
W230,133000,2026-02-11
W285,139000,2026-02-11
W265,145000,2026-02-11
W235,129000,2026-02-11
W270,145000,2026-02-11
W290,194000,2026-02-11
W255,135000,2026-02-11
W280,169000,2026-02-11
W255,136000,2026-02-11
W285,139000,2026-02-11
W285,139000,2026-02-11
W285,140000,2026-02-11
W280,172000,2026-02-11
W275,156000,2026-02-11
W285,140000,2026-02-11
W285,139000,2026-02-11
W230,132000,2026-02-11
W270,144000,2026-02-11
W245,133000,2026-02-11
W250,129000,2026-02-11
W290,193000,2026-02-11
W235,129000,2026-02-11
W245,133000,2026-02-11
W260,137000,2026-02-11
W260,135000,2026-02-11
W285,139000,2026-02-11
W255,139000,2026-02-11
W255,136000,2026-02-11
W270,145000,2026-02-11
W260,135000,2026-02-11
W265,145000,2026-02-11
W260,137000,2026-02-11
W280,173000,2026-02-11
W285,139000,2026-02-11
W270,145000,2026-02-11
W270,144000,2026-02-11
W240,131000,2026-02-11
W275,156000,2026-02-11
W285,139000,2026-02-11
W270,145000,2026-02-11
W260,137000,2026-02-11
W240,130000,2026-02-11
W245,132000,2026-02-11
W285,139000,2026-02-11
W280,169000,2026-02-11
W255,135000,2026-02-11
W275,146000,2026-02-11
W265,145000,2026-02-11
W275,146000,2026-02-11
W270,144000,2026-02-11
W290,193000,2026-02-11
W245,132000,2026-02-11
W280,169000,2026-02-11
W280,169000,2026-02-11
W235,132000,2026-02-11
W275,156000,2026-02-11
W275,156000,2026-02-11
W265,143000,2026-02-11
W275,147000,2026-02-11
W255,135000,2026-02-11
W260,135000,2026-02-11
W235,132000,2026-02-11
W270,144000,2026-02-11
W235,133000,2026-02-11
W265,141000,2026-02-11
W240,132000,2026-02-11
W270,144000,2026-02-11
W270,144000,2026-02-11
W270,143000,2026-02-11
W275,155000,2026-02-11
W280,168000,2026-02-11
W285,139000,2026-02-11
W285,138000,2026-02-11
W280,169000,2026-02-11
W265,145000,2026-02-11
W225,130000,2026-02-11
W270,145000,2026-02-11
W290,194000,2026-02-11
W275,156000,2026-02-11
W275,156000,2026-02-11
W265,143000,2026-02-11
W255,135000,2026-02-11
W225,130000,2026-02-11
W235,132000,2026-02-11
W270,144000,2026-02-11
W235,133000,2026-02-11
W265,141000,2026-02-11
W240,132000,2026-02-11
W270,144000,2026-02-11
W270,144000,2026-02-11
W260,135000,2026-02-11
W275,155000,2026-02-11
W230,133000,2026-02-11
W270,143000,2026-02-11
W285,139000,2026-02-11
W265,145000,2026-02-11
W270,145000,2026-02-11
W265,145000,2026-02-11
W235,129000,2026-02-11
W270,145000,2026-02-11
W285,139000,2026-02-11
W285,139000,2026-02-11
W285,138000,2026-02-11
W235,132000,2026-02-11
W280,168000,2026-02-11
W270,142000,2026-02-12
W270,144000,2026-02-12
W275,153000,2026-02-12
W275,152000,2026-02-12
W265,144000,2026-02-12
W220,129000,2026-02-12
W260,135000,2026-02-12
W275,152000,2026-02-12
W275,147000,2026-02-12
W270,144000,2026-02-12
W285,141000,2026-02-12
W265,144000,2026-02-12
W285,141000,2026-02-12
W270,142000,2026-02-12
W290,199000,2026-02-12
W270,144000,2026-02-12
W260,135000,2026-02-12
W285,141000,2026-02-12
W285,141000,2026-02-12
W275,154000,2026-02-12
W270,144000,2026-02-12
W270,135000,2026-02-12
W270,145000,2026-02-12
W270,141000,2026-02-12
W285,145000,2026-02-12
W235,131000,2026-02-12
W265,145000,2026-02-12
W270,145000,2026-02-12
W260,135000,2026-02-12
W265,145000,2026-02-12
W280,172000,2026-02-12
W290,200000,2026-02-12
W285,142000,2026-02-12
W275,153000,2026-02-12
W255,135000,2026-02-12
W280,172000,2026-02-12
W260,135000,2026-02-12
W255,136000,2026-02-12
W275,154000,2026-02-12
W270,144000,2026-02-12
W270,143000,2026-02-12
W270,142000,2026-02-12
W265,141000,2026-02-12
W240,131000,2026-02-12
W255,139000,2026-02-12
W270,141000,2026-02-12
W285,140000,2026-02-12
W255,139000,2026-02-12
W285,140000,2026-02-12
W230,129000,2026-02-12
W270,144000,2026-02-12
W270,144000,2026-02-12
W275,147000,2026-02-12
W270,145000,2026-02-12
W240,131000,2026-02-12
W235,130000,2026-02-12
W260,135000,2026-02-12
W255,134000,2026-02-12
W265,144000,2026-02-12
W240,131000,2026-02-12
W270,142000,2026-02-12
W270,144000,2026-02-12
W230,135000,2026-02-12
W265,144000,2026-02-12
W285,141000,2026-02-12
W240,125000,2026-02-12
W280,165000,2026-02-12
W270,142000,2026-02-12
W275,148000,2026-02-12
W280,172000,2026-02-12
W265,141000,2026-02-12
W265,142000,2026-02-12
W270,144000,2026-02-13
W255,135000,2026-02-13
W260,135000,2026-02-13
W230,134000,2026-02-13
W270,144000,2026-02-13
W270,144000,2026-02-13
W275,151000,2026-02-13
W285,143000,2026-02-13
W240,131000,2026-02-13
W230,132000,2026-02-13
W250,128000,2026-02-13
W275,148000,2026-02-13
W275,151000,2026-02-13
W265,144000,2026-02-13
W270,143000,2026-02-13
W255,135000,2026-02-13
W285,145000,2026-02-13
W260,135000,2026-02-13
W250,133000,2026-02-13
W255,135000,2026-02-13
W275,153000,2026-02-13
W235,132000,2026-02-13
W285,145000,2026-02-13
W255,135000,2026-02-13
W265,143000,2026-02-13
W245,132000,2026-02-13
W240,127000,2026-02-13
W240,130000,2026-02-13
W270,144000,2026-02-13
W250,134000,2026-02-13
W285,144000,2026-02-13
W285,143000,2026-02-13
W285,143000,2026-02-13
W265,142000,2026-02-13
W285,139000,2026-02-13
W275,153000,2026-02-13
W285,143000,2026-02-13
W280,170000,2026-02-13
W265,144000,2026-02-13
W245,133000,2026-02-13
W245,133000,2026-02-13
W220,131000,2026-02-13
W275,155000,2026-02-13
W235,131000,2026-02-13
W235,131000,2026-02-13
W245,124000,2026-02-13
W275,148000,2026-02-13
W240,123000,2026-02-13
W240,123000,2026-02-13
W245,133000,2026-02-13
W245,132000,2026-02-13
W230,134000,2026-02-13
W280,169000,2026-02-13
W285,143000,2026-02-13
W275,153000,2026-02-13
W285,143000,2026-02-13
W265,145000,2026-02-13
W275,151000,2026-02-13
W260,135000,2026-02-13
W280,170000,2026-02-13
W250,129000,2026-02-13
W285,143000,2026-02-13
W235,132000,2026-02-13
W265,145000,2026-02-13
W280,169000,2026-02-13
W270,144000,2026-02-13
W260,135000,2026-02-13
W240,130000,2026-02-13
W275,152000,2026-02-13
W275,152000,2026-02-13
W260,135000,2026-02-13
W230,135000,2026-02-14
W260,133000,2026-02-14
W255,134000,2026-02-14
W245,133000,2026-02-14
W260,133000,2026-02-14
W285,144000,2026-02-14
W240,130000,2026-02-14
W275,152000,2026-02-14
W240,124000,2026-02-14
W280,166000,2026-02-14
W265,143000,2026-02-14
W285,143000,2026-02-14
W275,153000,2026-02-14
W270,143000,2026-02-14
W275,153000,2026-02-14
W250,133000,2026-02-14
W275,130000,2026-02-14
W275,130000,2026-02-14
W275,130000,2026-02-14
W275,130000,2026-02-14
W280,140000,2026-02-14
W240,125000,2026-02-14
W265,144000,2026-02-14
W260,135000,2026-02-14
W240,120000,2026-02-14
W280,167000,2026-02-14
W245,121000,2026-02-14
W285,145000,2026-02-14
W240,131000,2026-02-14
W270,144000,2026-02-14
W285,144000,2026-02-14
W245,125000,2026-02-14
W235,120000,2026-02-14
W275,153000,2026-02-14
W280,167000,2026-02-14
W245,120000,2026-02-14
W270,143000,2026-02-14
W230,127000,2026-02-14
W270,143000,2026-02-14
W265,144000,2026-02-14
W260,133000,2026-02-14
W285,140000,2026-02-14
W280,162000,2026-02-14
W235,132000,2026-02-14
W245,125000,2026-02-14
W270,143000,2026-02-14
W285,144000,2026-02-14
W285,144000,2026-02-15
W270,143000,2026-02-15
W240,120000,2026-02-15
W270,143000,2026-02-15
W265,144000,2026-02-16
W275,140000,2026-02-16
W270,143000,2026-02-16
W245,122000,2026-02-16
W265,144000,2026-02-16
W245,132000,2026-02-16
W275,150000,2026-02-16
W240,119000,2026-02-16
W265,144000,2026-02-16
W265,144000,2026-02-16
W280,165000,2026-02-16
W260,135000,2026-02-16
W230,134000,2026-02-16
W275,140000,2026-02-16
W280,165000,2026-02-16
W260,135000,2026-02-16
W235,120000,2026-02-16
W280,166000,2026-02-16
W265,145000,2026-02-16
W260,134000,2026-02-16
W270,143000,2026-02-16
W270,143000,2026-02-16
W285,140000,2026-02-16
W230,127000,2026-02-16
W240,112000,2026-02-16
W245,133000,2026-02-16
W275,152000,2026-02-16
W260,135000,2026-02-16
W265,145000,2026-02-16
W275,151000,2026-02-16
W240,120000,2026-02-16
W265,143000,2026-02-16
W240,118000,2026-02-16
W250,119000,2026-02-16
W270,143000,2026-02-16
W275,130000,2026-02-16
W275,130000,2026-02-16
W275,130000,2026-02-16
W275,130000,2026-02-16
W275,130000,2026-02-16
W275,130000,2026-02-16
W275,130000,2026-02-16
W275,130000,2026-02-16
W275,130000,2026-02-16
W245,133000,2026-02-16
W235,118000,2026-02-16
W275,130000,2026-02-16
W230,124000,2026-02-16
W245,133000,2026-02-16
W255,133000,2026-02-16
W265,143000,2026-02-16
W250,123000,2026-02-16
W270,142000,2026-02-16
W280,165000,2026-02-16
W285,155000,2026-02-16
W245,133000,2026-02-16
W265,143000,2026-02-16
W225,137000,2026-02-16
W275,150000,2026-02-16
W265,143000,2026-02-16
W260,134000,2026-02-16
W280,165000,2026-02-16
W230,127000,2026-02-16
W275,150000,2026-02-16
W285,149000,2026-02-16
W240,130000,2026-02-16
